{"cameraMode":{"drawMode":0,"name":"Shaded","section":"Shading Mode"},"sceneLighting":true,"audioPlay":false,"sceneViewState":{"showFog":false,"showMaterialUpdate":false,"showSkybox":false,"showFlares":false,"showImageEffects":false,"showParticleSystems":false},"in2DMode":false,"pivot":{"x":17.09954071044922,"y":8.084526062011719,"z":-42.624916076660159},"rotation":{"x":0.34234529733657839,"y":0.0439595989882946,"z":-0.016037093475461007,"w":0.9384082555770874},"size":125.80315399169922,"orthographic":false}