{"cameraMode":{"drawMode":0,"name":"Shaded","section":"Shading Mode"},"sceneLighting":true,"audioPlay":false,"sceneViewState":{"showFog":false,"showMaterialUpdate":false,"showSkybox":false,"showFlares":false,"showImageEffects":false,"showParticleSystems":false},"in2DMode":false,"pivot":{"x":42.7572021484375,"y":11.288009643554688,"z":-15.171774864196778},"rotation":{"x":0.5985337495803833,"y":-0.3266031742095947,"z":0.29134243726730349,"w":0.6709749102592468},"size":162.6293487548828,"orthographic":false}