{"cameraMode":{"drawMode":0,"name":"Shaded","section":"Shading Mode"},"sceneLighting":false,"audioPlay":false,"sceneViewState":{"showFog":true,"showMaterialUpdate":false,"showSkybox":true,"showFlares":true,"showImageEffects":true,"showParticleSystems":true},"in2DMode":false,"pivot":{"x":0.3864297866821289,"y":2.4852514266967775,"z":-0.43093031644821169},"rotation":{"x":0.048991527408361438,"y":0.6680160760879517,"z":-0.04415322467684746,"w":0.7412185668945313},"size":5.3028364181518559,"orthographic":false}