{"cameraMode":{"drawMode":0,"name":"Shaded","section":"Shading Mode"},"sceneLighting":true,"audioPlay":false,"sceneViewState":{"showFog":false,"showMaterialUpdate":false,"showSkybox":false,"showFlares":false,"showImageEffects":false,"showParticleSystems":false},"in2DMode":false,"pivot":{"x":77.52359771728516,"y":-26.553009033203126,"z":9.046630859375},"rotation":{"x":-0.33130282163619997,"y":-0.025466313585639,"z":0.008945384994149208,"w":-0.9431383609771729},"size":1407.46826171875,"orthographic":false}