{"cameraMode":{"drawMode":0,"name":"Shaded","section":"Shading Mode"},"sceneLighting":false,"audioPlay":false,"sceneViewState":{"showFog":true,"showMaterialUpdate":false,"showSkybox":true,"showFlares":true,"showImageEffects":true,"showParticleSystems":true},"in2DMode":false,"pivot":{"x":0.44482421875,"y":1.38720703125,"z":0.313232421875},"rotation":{"x":0.055210456252098086,"y":-0.8990605473518372,"z":0.1188189759850502,"w":0.41776084899902346},"size":4.788491249084473,"orthographic":true}