{"cameraMode":{"drawMode":0,"name":"Shaded","section":"Shading Mode"},"sceneLighting":false,"audioPlay":false,"sceneViewState":{"showFog":true,"showMaterialUpdate":false,"showSkybox":true,"showFlares":true,"showImageEffects":true,"showParticleSystems":true},"in2DMode":false,"pivot":{"x":0.00360107421875,"y":-0.0008544921875,"z":0.0042724609375},"rotation":{"x":0.31445467472076418,"y":0.22187460958957673,"z":-0.0758480653166771,"w":0.9198570847511292},"size":0.0005373343592509627,"orthographic":true}