{"cameraMode":{"drawMode":0,"name":"Shaded","section":"Shading Mode"},"sceneLighting":true,"audioPlay":false,"sceneViewState":{"showFog":false,"showMaterialUpdate":false,"showSkybox":false,"showFlares":false,"showImageEffects":false,"showParticleSystems":false},"in2DMode":false,"pivot":{"x":-27.363304138183595,"y":-112.3189697265625,"z":-202.4844970703125},"rotation":{"x":0.04650593549013138,"y":-0.9533722400665283,"z":0.21851415932178498,"w":0.2029043287038803},"size":329.801025390625,"orthographic":false}